Theta_pow,Alpha_pow,Beta_pow,Gamma_pow,TAR,TBR,TGR,ABR,AGR,BGR
1.2333091556725368,2.2605113227377345,9.94331763533944,77.61119313055198,0.5455885769149168,0.12403396943583958,0.0158908671020938,0.22733974772199522,0.02912609936217917,0.12811705675769608
3.9424300187528107,4.807925450701622,9.443271310870722,82.8762631144901,0.8199856797233599,0.41748562431055436,0.047570074597916026,0.5091377015893769,0.05801329922488992,0.11394422185548155
14.060854046185202,5.924473004496838,17.726312613948256,93.07307901618945,2.3733510196624454,0.7932193430415515,0.15107326624210432,0.3342191426678927,0.06365399175701832,0.19045585255501088
195.48473832778978,20.870916203105278,12.624544853585792,66.86831337285315,9.366370715373991,15.484497904276175,2.923428578761666,1.6532014773726469,0.31211967448214933,0.18879711804890595
9.14448091688754,6.578399133017226,5.716716070198656,55.31456414518705,1.39007693695432,1.5996038292959631,0.16531777947098236,1.150730428490325,0.1189270716433841,0.10334920212321821
5.256664188364628,8.04164233433644,5.756976757207853,52.88372173794956,0.6536804261885123,0.9130945650915085,0.09940042068923499,1.396851624295363,0.15206271552113035,0.10886103640237227
28.735225524281276,20.42039409318915,18.96606712161397,54.125546403124204,1.407182711222277,1.5150861451678745,0.530899500030223,1.0766804716154257,0.3772782992544617,0.3504087881230003
4.352707460959153,2.923728467366039,8.160994789167464,54.538842303394496,1.4887522933620676,0.5333550104377889,0.07980931162318128,0.35825638208308425,0.053608187190729316,0.14963637738712185
2.1307313063158917,2.6429981661405346,5.276086268541807,54.33485753624778,0.8061796385683135,0.4038469421965647,0.03921481352729124,0.5009391491377189,0.04864277346043177,0.09710315822622766
14.197835849065768,2.9392892021835237,4.504698478014211,52.06140537161143,4.830363694228712,3.1517838360015045,0.2727132651860318,0.6524941051058404,0.05645812250366736,0.0865266399525699
7.261364097082648,1.678816279885017,3.7007264060301646,56.166174644832104,4.325288111680679,1.9621456169390386,0.12928357936070997,0.4536450673979743,0.029890165931738176,0.06588888115367977
7.081844488061147,2.897704435020647,4.881271230904424,56.19284480390653,2.443949908235098,1.4508197051670473,0.12602751316069366,0.5936372510248211,0.051567142491764334,0.08686641952259869
11.028953370414525,2.4455904974919167,7.1482563110549275,56.94215616510748,4.50973021923552,1.5428872287858535,0.19368696433685018,0.3421240636978503,0.04294868094563838,0.12553539929763274
16.62511170120822,2.447836532998516,6.908664050948782,55.71845390158037,6.791757324106535,2.406414840641304,0.2983771181191493,0.3543140200401479,0.04393224078547318,0.12399238613390219
5.831150556677624,2.5955698298600343,5.360350011148733,56.04658930249222,2.2465781847187167,1.0878301873104734,0.10404113130249534,0.4842164829650366,0.046310932782213335,0.0956409672356347
3.5355924455131573,1.816854076885526,9.354165262540489,55.4029242839718,1.9459969242956012,0.37796985046562337,0.06381598970103484,0.19422941822091438,0.03279346894350026,0.16883883627865962
3.1982082471904514,1.6953646356490455,4.269467807865831,54.90615466613775,1.8864427037939624,0.7490882684015675,0.05824862925909617,0.3970903897028102,0.03087749717600652,0.07775936657423467
5.543869506215991,2.773670755081673,3.631805933187734,59.08388260958428,1.9987482277984892,1.5264773526458741,0.09383048745880307,0.7637166759753452,0.04694462571814369,0.06146864039362575
5.005766641603811,3.009883918808444,4.40153201068408,60.2446992816839,1.6631095340000686,1.1372782543562194,0.08309057396400195,0.6838264294119383,0.04996097506828346,0.07306090101145662
2.038855896526412,3.313481772541034,5.452109231073767,60.83631651922391,0.6153212953885845,0.37395727233529197,0.033513795922903156,0.6077431012673346,0.05446552260431471,0.08961931857512993
7.568086646770587,1.7585651806325198,5.394871540963969,64.09968636756247,4.303557656048041,1.4028298151874627,0.11806745205231463,0.3259697969227818,0.027434848441355845,0.08416377437525238
4.544558474121924,4.170971188773874,6.885232923467953,62.61267533770112,1.0895684166684145,0.6600442606134698,0.07258208421235593,0.6057850526098164,0.06661544433739276,0.10996548041323082
18.053122829748702,4.770578280951538,6.815689935950879,61.998940048023655,3.7842629900515607,2.6487594065163487,0.2911843785678427,0.6999406260821898,0.07694612645403782,0.10993236224154035
9.475381541590698,11.76754950827744,4.433489211355442,66.22577175562984,0.8052128044947333,2.1372289611806243,0.1430769516217106,2.6542411512217865,0.17768837110270572,0.06694507430905934
2.7198603798166263,1.9868123134562894,2.900360968940628,65.25356373184596,1.3689568770011875,0.9377661639165106,0.041681407485936926,0.6850224281503772,0.03044756791553834,0.04444754896237419
1.3195875148672498,2.631108179637646,6.447480305626909,63.82721491610824,0.5015329757550989,0.20466716489472736,0.020674370902782756,0.40808316658856625,0.04122235606074716,0.10101459564076548
3.088119992942107,2.665946011142851,4.5421189551979335,67.65672471046425,1.1583580387729895,0.6798853185930123,0.04564394753304511,0.5869388356929715,0.03940400636524632,0.06713477447564674
2.3871370079874854,2.4869549853551662,4.57943647288164,66.76772206119183,0.9598633759133257,0.5212730915962165,0.03575285982948021,0.5430700917203103,0.037247863317485974,0.06858757991900098
3.0713898158127866,1.8930782801353307,4.256462900429018,70.12064417653403,1.6224314905737662,0.7215826585739099,0.04380150598845513,0.44475385417890595,0.026997445650518596,0.06070199369123094
2.4977951710561332,1.4281783061646027,4.710995984913881,66.91411038891977,1.7489379024136034,0.5302053279295661,0.03732837747581772,0.3031584638870607,0.021343455033082128,0.07040362574548954
2.064013225009803,1.455725159613745,5.780705973075578,69.19167207292188,1.41785914145872,0.35705210308623625,0.02983037066707271,0.2518248058963702,0.021039022703188037,0.08354626792344644
5.31762251113647,3.2927777484165865,3.1172786803097123,72.88677764526861,1.614935145165379,1.7058540658315946,0.0729573001157592,1.0562988061399239,0.04517661302633173,0.042768781677811875
6.67019695307374,4.02478141873265,6.350316538030492,74.31972481654456,1.657281789770858,1.0503723575238435,0.0897500222119884,0.6337922518711027,0.05415495588375322,0.0854459102708737
10.001311259628483,3.3683788151382097,4.921772477330874,72.28098892822759,2.9691765114661295,2.0320547741069683,0.13836710603889807,0.6843832848130588,0.04660117224576006,0.06809221277005516
7.911850157143791,3.908434675070424,4.305716664080347,73.43329325126464,2.0243014953297718,1.8375222464466723,0.10774200375396531,0.9077315067375021,0.05322428699605018,0.058634394202471574
6.911761516219405,1.97528364753578,6.328386397078943,73.56373137154681,3.4991235435184285,1.092183865291433,0.09395610292401177,0.3121306955036013,0.026851324840487713,0.08602590269811483
1.996383103050476,1.277043208456273,4.251207807052334,77.80261999403571,1.5632854783854666,0.46960374407919403,0.02565958708335937,0.3003953855978963,0.016413884372456482,0.05464093378061341
6.340876795830148,1.2495602120503504,4.597536298143879,77.98982913218357,5.074486795178659,1.3791901541680252,0.08130389393574781,0.27178909116059047,0.01602209193114775,0.05895045994204702
15.793219047779338,4.664648414352346,4.966269511766874,76.83135178346409,3.3857254920191275,3.180097054813384,0.20555695925134576,0.9392660634506687,0.06071282498710751,0.06463858042955495
2.3037382233259533,3.9927864091131027,3.723587198223751,81.52427300242547,0.5769750713606719,0.6186878675554844,0.028258310543381522,1.0722956645188186,0.048976657651326874,0.045674583300031005
3.140857425217036,2.150211166281811,5.175956945067732,84.51283857149656,1.460720451307241,0.6068167603693108,0.03716426377703452,0.41542292354861804,0.025442420378091614,0.0612446230958028
2.6881811623169534,2.0518440422099187,4.9413901937489655,84.1701343416476,1.3101293797269669,0.5440131333319109,0.0319374702600045,0.4152361909823625,0.024377340707114222,0.05870716771927442
19.17028072246648,3.638638072780024,5.499277585523188,84.13980448053064,5.26853188996064,3.485963460533819,0.227838427255941,0.6616574661294994,0.0432451453297824,0.06535881108204479
4.05177930107787,1.7469905752165111,5.586516996427964,84.34107769383623,2.31929087572537,0.7252782554261609,0.04804040227925591,0.31271552137647524,0.020713401144317887,0.0662372019564108
4.70355987592853,2.7229946696813365,6.111023071998012,83.59840658208634,1.7273481759988067,0.7696845226262075,0.056263750330098034,0.44558736525781883,0.032572327404441534,0.07309975538825038
4.200183762167734,5.155390655492418,4.441548439906288,85.26410890618924,0.8147168745966842,0.9456575379050359,0.049260865046850295,1.1607192233169006,0.06046378390190616,0.05209165376715596
4.813619762132093,3.413864096439485,3.5068245314779167,85.55025858507781,1.4100209106602963,1.372643461035514,0.05626657174092648,0.9734915636057632,0.039904778230967865,0.04099139604575781
2.3459416993896838,7.430191911862634,5.714852127817309,83.19452637548719,0.31573096996919864,0.41049910774956067,0.028198269785221143,1.3001547101622855,0.08931106691235277,0.06869264573998655
21.088370536421344,4.668963134174987,4.750397772609325,85.2911735262579,4.516713867809901,4.43928520218167,0.24725149935859472,0.9828573011498346,0.05474145730610205,0.055696241196011444
10.658484518386512,5.17555014489104,4.686753196032878,90.55246491291007,2.0593916047568124,2.2741723475877564,0.11770507328141137,1.1042932982415004,0.05715526518100516,0.0517573232328951
2.1690517656469575,2.1837883788138357,4.880096913931421,84.71595925983291,0.9932518126253228,0.4444689939363443,0.02560381520315722,0.4474887317462245,0.02577776841451943,0.057605402294550447
5.465229953618324,7.81435765491976,5.600100473567667,91.53515745918095,0.6993831348604228,0.9759164106812138,0.05970634787027575,1.3953959740192754,0.08537001379392921,0.06117977648167555
8.684279342608173,5.9497606042579765,4.9873862490043095,92.66674055327255,1.4596014731068716,1.7412486037835786,0.09371516998178787,1.1929616651298658,0.06420599849238853,0.053820672004074054
9.174309372167045,5.555746061754437,6.040674183818347,88.33599818368003,1.6513190614169124,1.5187558694595753,0.10385697293067989,0.9197228475982155,0.0628933410612759,0.06838292777603269
8.529630481297897,9.124023359551652,7.55645223474405,83.96103887905363,0.9348540819296014,1.1287877189349838,0.101590339938324,1.2074480293278393,0.10866972921446173,0.08999950852953552
6.718554093533061,4.317151434335763,5.944375174957738,92.8455848336443,1.5562470290243082,1.1302372235582905,0.0723626665238956,0.7262582369502706,0.04649818773904006,0.06402431721022113
14.633982946740632,5.345194014053481,4.013986568622705,86.71489940602683,2.737783307446885,3.6457478610253298,0.1687597292619767,1.3316422271655843,0.061641010376147436,0.04628946808584693
5.273348970017832,1.9804265439980644,4.234781708278682,87.75896214339664,2.662733937797082,1.2452469414678042,0.060089007905554645,0.46765729154975766,0.022566658670849837,0.04825469222572529
21.5479593145303,7.462437423382348,10.607663886039488,98.35281056257176,2.8875229488709993,2.0313576623491145,0.21908839403040295,0.7034948979863038,0.07587416547323544,0.10785318513384957
3.2394770038414995,2.3084122007114973,4.534410145710317,93.87325595497438,1.4033355926827236,0.7144208176461802,0.034509051282883924,0.5090876490066347,0.02459073329488763,0.048303535438093397
0.9481514278813552,2.047889735077447,3.8699224829263805,103.9879402646495,0.4629894918856547,0.2450052764789171,0.009117897954977357,0.5291810738102594,0.01969353109471698,0.03721510853159915
1.5449863831355088,1.8130342963371764,4.2378782852568655,91.30081229712991,0.8521550785094373,0.364566011371859,0.01692193469328067,0.4278165096540249,0.019857811236518103,0.04641665477701435
3.1190708675455467,2.7715235399853455,3.3238823854748953,106.47773031399406,1.1253993778317462,0.9383818396149157,0.02929317574996822,0.8338211821503329,0.026029138034895663,0.03121669081105542
2.089833986566573,1.8510201960178994,4.368750676447536,99.97377815438797,1.1290173878504588,0.4783596367339343,0.020903821233396565,0.4236955443571027,0.018515056949827358,0.04369896543972702
1.998838485281282,1.4680721213304375,4.535801100641288,97.7141010121435,1.361539706557358,0.4406803651506409,0.020455988077226178,0.32366324906153315,0.015024158295720201,0.046419104854452865
7.805726670215114,3.0779792264819843,5.307735405511536,96.33435759924652,2.5359906925482303,1.4706322139023114,0.08102744300934817,0.5799044208733201,0.0319510017317649,0.05509701354517624
1.322835249086151,3.1849920229870707,6.62920307875029,96.81992983018877,0.4153339284804611,0.19954664736798597,0.013662840402861837,0.48044870328327494,0.032896037299068356,0.06846940594128878
0.958170332789152,1.7170004952292681,4.490995153129861,101.52244430640674,0.5580489554030147,0.21335367777482117,0.009438014808797163,0.3823207188350354,0.016912521235670386,0.04423647582376471
2.21751507085777,1.4740932944737466,4.579007182488422,104.22811117603646,1.504324779965454,0.4842785744775094,0.021275594902727245,0.32192421538693966,0.014142953161494706,0.04393255457498113
0.712118826162002,1.8340615726166647,3.053200204331446,98.94433218964178,0.38827421979405985,0.23323685919834183,0.00719716643088882,0.600701378840064,0.01853629745159539,0.03085775745577347
2.966554401142755,1.134855579004082,4.073787057522383,102.63242294141992,2.6140369365290703,0.7282055638290946,0.02890465133845658,0.27857508578130846,0.011057476248532394,0.03969298337473335
3.157520552252373,1.610402611016983,4.38546727432653,102.96112278871867,1.960702578753503,0.7199963777491121,0.030667114603361134,0.3672134598847942,0.015640880435245533,0.04259342901034331
2.3002278001384737,2.3824222337444048,4.72255017222043,102.92824793259018,0.9654996362770055,0.4870732371821392,0.02234787676212015,0.5044779085161624,0.023146437266713234,0.0458819640582372
1.9876918454360923,2.215470937793922,3.970500556883242,104.7974577482182,0.8971870546924696,0.5006149267477721,0.018966985346263208,0.5579827797664432,0.021140502693459566,0.037887374772225806
8.940525117013104,3.14774592600366,5.451688324659773,103.6363689844913,2.8402943970652315,1.6399552917528648,0.08626822036143521,0.5773891936861786,0.03037298543790844,0.052604007435609716
3.1826722921409685,5.97320308152939,4.6079693868626865,104.88319115461019,0.5328250603068515,0.6906886797500786,0.030344922356999364,1.2962766416285192,0.05695100440569342,0.04393429810950352
2.729492442963359,1.5876114361732598,4.4562853551540655,107.16527587292934,1.7192446342805778,0.6125039635997442,0.02546993343440687,0.35626341440120185,0.0148146069073322,0.04158329569774152
3.5136443985128243,2.32664538170299,5.112161942983642,111.19509775552751,1.5101761644230498,0.687310855505124,0.031598914605371266,0.45511965537325605,0.020923992412132508,0.04597470613518586
6.811225528537342,1.885743932929189,4.3357764659988325,112.39423709906002,3.611956750648132,1.5709355825769584,0.060601198996832785,0.43492646535567425,0.016777941481707515,0.03857650158857739
2.165135705294723,3.8744042183142393,5.604405319291828,119.08151483862201,0.5588306184109972,0.3863274659742684,0.01818196307150519,0.6913140641305023,0.0325357317091976,0.047063604513990755
3.8835282011047987,4.588791046550004,4.909189855655284,104.29742333868376,0.8463074831059383,0.7910731333054996,0.03723513080945312,0.9347348913922758,0.043997165986055846,0.047069138416907304
23.798794303920968,3.256346244682957,4.15823607907668,105.49243533179552,7.308434827156427,5.723290801999245,0.2255971646599004,0.7831075924400175,0.030868054514440538,0.03941738633673749
26.925527678558097,13.931876170438995,18.399951818711394,120.47174069737204,1.9326562588669398,1.4633477274205047,0.22350077721708764,0.7571691658600598,0.11564435020023665,0.1527325139671761
125.3065479246161,55.216042526973496,49.54180297928962,113.12869232945354,2.2693866164602943,2.529309399114906,1.1076460387228573,1.1145343771613625,0.4880816828163562,0.4379242962962385
17.680278575911306,8.751903793189012,11.69014484096366,99.96678380970963,2.020163725939334,1.512408855188646,0.1768615324222729,0.7486565745978868,0.08754811808138767,0.1169402915193938
8.194552927150637,4.575470804776306,6.4948323849931775,99.59894881362233,1.790974803859833,1.2617035269585706,0.08227549612481305,0.7044786583481804,0.0459389467386679,0.0652098487218659
2.507718103901036,1.5310659084977178,3.8532319832994837,97.52204883343158,1.6378903677383878,0.6508090129973702,0.025714370584894477,0.3973458943384669,0.015699689729783983,0.03951139285312631
3.8388692791229997,1.596332387325928,5.679466882632651,103.88788944607681,2.4048057344458336,0.6759207084844443,0.03695203839053417,0.2810708153272947,0.01536591411989852,0.05466919111472168
12.56577505846175,3.7015544184512152,5.368670907390408,101.70816516934174,3.3947292509938176,2.340574655295773,0.12354735765353769,0.6894731456449915,0.03639387665963901,0.05278505318085028
4.538086638581379,2.925526584807478,3.837169498193285,102.95573185870944,1.551203349902226,1.1826651495895915,0.044078037780443245,0.7624178671765607,0.028415383310783547,0.037270091027658346
6.558251997673215,1.6925818423597767,6.090244622500203,107.0869139323886,3.8747030326934038,1.0768454149516384,0.061242328841541696,0.27791688959530303,0.015805683254897243,0.056871978086373814
7.923549408318813,2.4075025405362958,4.796931804629274,107.85373244646009,3.2911904660145286,1.651795299793964,0.07346569496101732,0.501883837125418,0.022321921420117838,0.04447627074019464
6.012297916994035,2.6659029682829516,6.3690845601282735,108.93398354342672,2.2552575950903497,0.9439814874860049,0.05519212390316399,0.4185692532600415,0.02447264739217202,0.05846737953532404
8.698241877153494,4.331548182814146,8.001737498384626,121.64078169598848,2.0081138452215876,1.0870441424639932,0.07150761246250975,0.5413259537304979,0.035609341886998026,0.06578170073243217
3.8030778963811502,3.6304231230947406,6.217217663600961,120.99525448885765,1.0475577549592154,0.6117009411857135,0.03143162855805533,0.5839305167565952,0.03000467364138701,0.0513839793954357
6.155571629402831,1.5417032377103004,8.11344749724105,116.34406266850807,3.992708505007056,0.7586875531635611,0.052908343478957925,0.1900182676025883,0.01325124120947177,0.06973666993526084
3.818831639742486,1.7362546828401029,5.479617772659887,118.55377672399587,2.1994651346286243,0.6969156970758508,0.032211809233484635,0.3168568967534572,0.014645292042296249,0.04622052476166106
6.413683715674887,3.079595565586653,7.123110395748746,125.25575260586311,2.0826383137271147,0.9004049297765674,0.05120470383389536,0.43233859851795,0.024586460114746855,0.05686852897018416
3.2649794635511755,1.8454492206756152,5.6255056591311146,128.2874498410031,1.7692057993098684,0.5803886195104222,0.025450497828101857,0.32805037137953097,0.01438526701530686,0.043850787166657794
4.587120459389796,7.560577810355964,9.211749383590636,133.35488730403938,0.6067155942905146,0.4979640965440365,0.03439784286969173,0.8207537456266463,0.05669516853265678,0.06907695375714669
7.224689778037634,3.425890054350729,8.240095182132313,121.91911578555701,2.108850448619213,0.8767726122513163,0.059258055896214905,0.4157585535879941,0.028099695706262435,0.06758657269648986
12.261587766974701,4.492095017149512,6.955230636861422,124.14797309591907,2.7295922548751808,1.7629304342534062,0.09876591184860639,0.6458585274429648,0.036183393938126036,0.05602371479305328
94.64345164284359,128.98484742593894,66.08641660809513,147.88845112664902,0.7337563561269191,1.4321165604135724,0.6399651285940687,1.9517603472260163,0.8721766063766442,0.4468666491847961
895.577213249051,159.50906098583457,55.6134282824952,147.75320670466527,5.614585201078853,16.10361455689905,6.061304747443924,2.8681752934846747,1.0795641227920512,0.3763940527778692
18.533896506106572,5.138315565693496,10.531033804767329,48.476288120379515,3.6069984937963095,1.7599313466942248,0.3823291185183564,0.48792128683201214,0.1059964730165332,0.21724092774215656
21.276151127418608,4.5225516383693725,8.618061370657458,55.98923179836329,4.704457312750513,2.4687862168003436,0.3800043409068628,0.5247759842796704,0.08077538292821475,0.15392355090161078
2.6003033992670694,2.7616059581315513,5.047856905413086,52.25353485415921,0.9415910302519712,0.5151301726636952,0.04976320561899926,0.5470848341937217,0.05285012709358813,0.09660316607291292
4.964540535012391,3.8053861940616853,6.198050208178708,61.73951465910135,1.304608857508226,0.8009842399245773,0.08041107161960079,0.6139650480791918,0.06163615336261334,0.10039032931181328
12.228742931295145,6.159334675545419,7.307512431921337,54.56880550541011,1.9853999783202672,1.6734481186616177,0.2240976839795907,0.8428770710864146,0.11287281476107745,0.1339137326580632
4.399386355342479,3.0532088669415627,5.9942509735874605,59.436480894707636,1.440905796841013,0.7339342938304632,0.07401828454709557,0.5093561948598672,0.05136927390351988,0.10085137752698281
1.7736520695896556,2.4656361617262776,5.114577307189318,58.978729844883226,0.7193486602450948,0.3467837052920321,0.03007274104163386,0.4820801434090067,0.04180551477135934,0.08671901413680647
14.606078790673996,3.257647190327586,4.510645343303514,62.57370991627587,4.483628194618958,3.2381350514196647,0.23342197242607235,0.722213107524376,0.052060956505317404,0.07208531105697255
3.2089323038775794,2.3615327782033626,5.583587619797147,65.15511212730456,1.3588345389467396,0.57470796956781,0.04925066044868046,0.42294183220664816,0.03624478112460672,0.08569684614904119
16.65215286213065,3.8189610981814246,5.331361211273365,67.56024423639958,4.360388187787601,3.12343362271516,0.24647857701436388,0.7163200816530845,0.05652675092201449,0.07891269890349177
1.4666576632416901,1.5896930219854637,4.4307824537157705,68.50272571384804,0.9226043286079804,0.3310154986308823,0.021410208834145714,0.35878381269933607,0.023206273990118067,0.06468038180296926
2.7461079100791568,2.220519111638115,6.1135406184173,73.37553294046904,1.236696363335196,0.44918453666708136,0.03742538963644906,0.3632132752907059,0.03026239159911335,0.08331851740521369
11.456031280319966,3.0239685946830654,3.9755753095432063,74.27814705648072,3.7884094763625162,2.8816033877713827,0.15423151672872049,0.7606367278275806,0.04071141667526595,0.05352281212023503
2.5074278200539393,2.0662333538640856,4.784662952442656,75.18168862348142,1.2135259627692927,0.5240552667923771,0.033351576241010324,0.43184512146445686,0.02748319958882569,0.06364133394774892
1.9487027900862883,2.4374557401971018,3.826031808184353,78.27741741897349,0.7994823282119202,0.5093273887367515,0.0248948273249233,0.6370714783350948,0.031138683678727148,0.04887784924872815
2.3368560943201446,1.8010561697676108,5.803151287881582,86.61533393619291,1.2974920680134412,0.4026874328091496,0.026979704263931384,0.310358300244328,0.020793733487125945,0.06699912156612593
1.2870035232808537,2.731333642517142,5.778972500642347,82.77799162678198,0.47119967449116806,0.22270455918206916,0.015547653403860268,0.47263309216535426,0.03299589164752635,0.06981291025636116
3.4640771871164904,2.576079188967825,4.916055855525312,85.97281879792969,1.3447091230547403,0.7046456120353278,0.04029270222322766,0.5240134092602889,0.029963879572480173,0.05718151299749748
9.734700268870203,2.4700438903056834,5.852801130822949,88.32610697384187,3.9411041670459843,1.6632549186753982,0.11021317028897439,0.4220276471205465,0.027965048782657168,0.06626354688717663
8.703125032204676,1.8854537034292855,7.253888864228678,95.2093495503223,4.6159314420583915,1.1997874788408547,0.09141040321470419,0.25992315828370083,0.019803241092753616,0.07618882912748691
2.271881166028911,2.193517971431972,3.386114686513143,96.82484914273917,1.0357248928969485,0.6709404070328121,0.02346382345176396,0.6477978965593605,0.0226544940772207,0.03497154621456041
2.5151020876626955,4.089006076745064,6.323089717150868,97.73584141493474,0.6150888603385912,0.3977647321436362,0.025733672020941643,0.64667848467403,0.04183732413358273,0.0646957106585533
6.27139188062297,2.5798548497926497,4.497707303347457,98.13520909826288,2.430908809124288,1.3943530464855802,0.06390562508857976,0.5735933167266289,0.026288779261777886,0.045831739134971405
3.744970979722399,1.1487243025059608,4.364212402063312,100.22412884002084,3.2601129544771394,0.8581092382102787,0.037365961900254326,0.2632145726827748,0.0114615543761879,0.04354452817474252
13.684036261601086,2.398289672850043,7.4159837617639806,97.94280556656375,5.70574789880968,1.8452084984536394,0.13971456282514963,0.3233946769429793,0.024486634408487723,0.07571749368282023
5.477845350120407,8.051749522794582,7.553529595708336,100.08986570035653,0.6803298257866285,0.7252034007032601,0.0547292706588265,1.0659585589456508,0.08044520258324116,0.0754674765807127
5.625266293770796,4.452147852317557,7.624277618963685,101.83167424823036,1.2634949422990467,0.7378097407916003,0.05524083086425884,0.5839435648623071,0.04372065848062914,0.0748713764675845
1.4439538754289176,1.949317953892744,5.475161271417975,104.21146148597684,0.7407482563557034,0.2637280992921251,0.013855998705317289,0.35602932174231705,0.01870540846560388,0.05253895486490934
3.210695915656952,3.5395534719775648,3.354859732890782,101.30732111866594,0.9070906658356319,0.9570283622231774,0.03169263465071903,1.0550525964695512,0.03493877276481847,0.0331156691919736
7.8259913838222275,4.421488094368403,7.564792479055818,99.39573468005948,1.7699903780788417,1.034528231341385,0.07873568628485884,0.5844824040593194,0.04448368039735845,0.07610781794013388
77.5362915922588,29.12078333504672,25.607333551655294,103.22935222135766,2.662575752175741,3.0278939990316465,0.7511070245408061,1.1372048275273983,0.2820978985957617,0.24806252292220873
4.467973377328919,6.963883312241379,5.563576418085563,103.48922032913592,0.6415922233324826,0.8030757630657938,0.04317332146400396,1.2516918595031474,0.06729090517924016,0.053759960703068675
17.302447019696395,5.921727090509676,6.311803898220246,98.55803761190404,2.921858227378593,2.7412839972064416,0.17555592054124433,0.9381988391907168,0.06008365460590743,0.06404149322731537
3.6199285769476703,4.362572531081723,6.510917005917432,100.27396828362787,0.8297692591142066,0.5559783013141938,0.03610038217205682,0.6700396468142366,0.043506531213984255,0.06493127894870095
2.1515103681870755,2.7941070968489843,5.592629270197728,105.1204090769995,0.7700171445158318,0.3847046289394056,0.020467104219610854,0.49960527720626086,0.026580063009480234,0.05320212620273568
3.4236266206504666,2.4203734482288732,5.619090250017661,102.44335891920355,1.4145034615033194,0.6092848607725613,0.033419702914570186,0.4307411592510489,0.023626455377530203,0.0548507029572254
2.8897039090388392,2.6504566753687357,3.0299751611014005,103.67827312671633,1.0902664193282159,0.9537054778985143,0.027871836807187387,0.874745347551064,0.025564244035289133,0.02922478422647089
3.4466866945048675,2.0772417278171798,5.696630351313579,102.67656410236762,1.6592612445383217,0.6050395553066034,0.03356838753455513,0.3646439385589046,0.020230923638486657,0.05548131066826593
8.343243572510854,1.9540551320557333,5.12793697160525,102.42390266279598,4.269707356584906,1.6270175742622446,0.08145797373078831,0.3810606766182689,0.01907811635033036,0.05006582290159013
4.090092900627424,5.565547709522865,5.815384579030155,100.85430415070508,0.7348949490863439,0.703322857679266,0.04055447048165301,0.9570386332817638,0.05518403757172674,0.05766124339463305
6.752632576115131,3.9334628742399276,7.327065069339934,100.57871101985573,1.716714455432596,0.921601284035471,0.06713779196058757,0.5368401722948364,0.03910830467357455,0.0728490651256553
9.898784051828375,4.453703397052957,4.434926686852434,100.09211642343875,2.222596156353488,2.2320062428932195,0.0988967403781499,1.004233826515371,0.044496045804562734,0.04430845150771434
9.019418746762351,1.323808489601089,4.997391888887587,100.52139187235016,6.813235311310192,1.8048251862773288,0.08972636151134782,0.2648998755820543,0.013169420607328671,0.049714710429334896
4.199290133266024,3.893529653405178,3.7074903157530255,98.94626528745052,1.078530409956795,1.1326503309862617,0.042440107477190715,1.0501793185707529,0.03934994051664322,0.037469734759390166
12.062010302906275,2.016679016678077,3.7005254792186295,98.60021268869752,5.98112550542382,3.259539860120942,0.1223324978110208,0.5449709853379799,0.020453089924310556,0.03753060341666807
1.333301464442467,1.1393372230811378,4.534170211589582,102.02029038616162,1.1702430478280934,0.29405633274076853,0.013068983232607231,0.2512780001440905,0.0111677512264333,0.04444380813294188
11.258747348825349,1.3895286585429052,4.808731101384985,101.62461231579695,8.102565772649521,2.3413135630691984,0.11078760442243027,0.28895952575570316,0.013673150892078838,0.04731856773477202
4.333252666138567,1.1428889105547568,3.652079141579677,100.550125058378,3.791490691807668,1.1865166383728076,0.04309544780399568,0.312941989000931,0.011366359911449254,0.036320980600067186
12.328869442814582,2.4653273707377688,6.359974520114931,99.76152870886823,5.0009055953997175,1.9385092509131292,0.1235834053705576,0.3876316426961437,0.02471220522223829,0.06375177488182943
2.161752612864368,1.0721924321682024,4.75189163672451,97.76729560530732,2.016198350227899,0.45492464435794017,0.022111203950976595,0.225634865888328,0.01096678010299794,0.04860410229519075
4.176283784226569,1.7683480440865762,6.970384089905117,110.23114937726896,2.361686545921897,0.5991468662788448,0.037886602905074764,0.2536944910464249,0.01604218094501001,0.0632342502938874
9.696310703926045,1.5557871865024744,3.891678089731693,113.37902133530437,6.232414553898001,2.491550040973339,0.08552120656651649,0.39977283594125235,0.013722002255615057,0.03432449887023225
4.799133715074683,1.7553860423998415,7.719001992218752,109.95352834304707,2.733947746624237,0.6217298194653295,0.04364692781937595,0.22741101040903772,0.015964799573535866,0.070202403765853
19.718651098219933,3.2162398697007304,4.034604669211921,119.10387454816612,6.130964075156106,4.887381221930617,0.16555843521484792,0.7971635719960037,0.027003654431074525,0.03387467187375428
8.640749048855632,2.6029196642619024,6.969414867372401,121.4413282385699,3.3196372394788636,1.2398098281259808,0.07115163490209028,0.37347750331919205,0.021433557274246052,0.0573891521812169
2.2892074192923477,1.8430096037382286,6.638816605916919,121.20124440617401,1.2421028163114742,0.344821608304719,0.018887656067463076,0.27761116372692474,0.015206193738092885,0.05477515217309713
4.283886680600252,3.4136160772635242,4.672475590575783,121.68941945177542,1.2549409727512084,0.9168344697703072,0.03520344414411413,0.7305797560823359,0.028051872485235364,0.038396728422452946
5.38540356220821,2.4165580619866818,4.663756579569643,116.3039573601189,2.22854300375502,1.1547351304310909,0.04630455991736431,0.518156987989642,0.020777952159479394,0.04009972390818117
2.762764663588314,1.9155158789308329,7.1454142914202325,116.1533645104109,1.442308411001209,0.38664863238310326,0.023785489772366306,0.2680762515381179,0.01649126469133956,0.0615170668670539
8.94602444271711,3.1426236456180803,7.266626739638777,110.46833319766654,2.846673815107007,1.2311110455030494,0.08098270503194377,0.432473520137667,0.028448185598988138,0.065780179073004
2.6883515800775983,2.0370678776498625,5.664446899336395,117.99331328115049,1.3197162497987611,0.4746008971136345,0.022783931608665695,0.35962343964924637,0.017264265414735882,0.048006507672509725
4.660113319970348,3.074651140159859,7.488526720950014,116.15532948271215,1.5156559582002063,0.6223004195115103,0.040119668556955285,0.41058158096146863,0.02647016847055194,0.06446993654358804
6.474959417947743,7.995069345742849,6.281071863590619,117.45490917525595,0.809869075293947,1.0308685457781543,0.05512719275348785,1.272882960006831,0.06806926506420695,0.053476452433491334
4.166469008189977,9.734027366591008,7.1047807116384885,118.71528342494369,0.42803136371796874,0.58643175311024,0.03509631521727509,1.370067249316435,0.08199472793867547,0.05984722865215918
9.758572038733794,2.0478185789481023,3.2596778078838744,119.32722413514952,4.765349889415719,2.993722881179133,0.08177993001564568,0.6282272971872365,0.017161369451021095,0.02731713430450688
2.0479188532362853,3.896188719667519,6.316496652210333,117.00424515011626,0.5256210621674005,0.3242175158154571,0.017502944876989793,0.616827481148767,0.03329955006904848,0.05398519211081852
6.210357622275038,5.439183255530803,3.966928184657516,115.7079252521746,1.141781280481784,1.5655331614759767,0.05367270745491412,1.3711322722118786,0.047007871273092236,0.034283979908999035
3.948872661367508,5.3873374499641535,6.28075445710499,116.31826904536986,0.7329915191025917,0.6287258462875295,0.033948860258806404,0.8577532343856915,0.04631548847982621,0.05399628543866301
9.229518528999371,4.0424467723495265,5.326002514342207,117.96351724781192,2.2831515289526116,1.7329166676406031,0.07824044877884113,0.7590020397969701,0.034268618524296406,0.045149573686867985
7.3328198335526675,7.750332744009184,4.593109362184226,118.73121119298102,0.9461296792993509,1.5964827430247794,0.061759833491753,1.6873825839678156,0.06527628806390343,0.03868493647149583
6.854999528723004,2.2977433148066497,6.4150626379481865,115.35436817671876,2.9833617552271448,1.068578736577314,0.05942557388222516,0.3581794043934023,0.019918997010035973,0.05561178774019671
10.767112179410415,4.296082306388458,6.687859203874555,120.8505893061613,2.506263011627887,1.6099489913263394,0.08909441187856482,0.642370327398573,0.03554870796289474,0.055339897325048376
3.357954807357906,1.606738350187065,3.271487904143185,116.64296110907411,2.089920121074446,1.0264304517541438,0.02878831929016142,0.49113381961529085,0.013774841918532798,0.028047023781263412
4.700151514694584,3.2635536611742157,4.79394693125119,119.30536184919227,1.4401943410985572,0.9804346151716523,0.03939597887172751,0.6807654961508822,0.027354626905197313,0.04018215826134428
1.632480499469897,3.472232322319039,6.406260597468767,133.4810237433713,0.4701530162531273,0.25482580276470806,0.012230056780269234,0.5420061000470356,0.026012928466856104,0.047993792808971494
6.65657238647225,3.3449066303965074,5.144295473545638,131.83880441069286,1.9900622414931732,1.2939716275442272,0.05049023628685429,0.6502166618534209,0.025371184495702366,0.039019585292358785
2.2808914399390225,3.5751577290903884,5.153809057316541,133.91427300898067,0.6379834437456665,0.4425642111635827,0.017032474497965272,0.6936923136519698,0.026697361295092332,0.038485883106507336
5.809063660526899,2.7862203475048535,5.543517471236233,136.64011830184975,2.084926149408497,1.0479021110095732,0.04251360239380193,0.5026087429076889,0.020390939221450712,0.040570203979113414
10.774123215445261,4.645495280641012,8.682660484188801,138.3159228681601,2.3192625467393837,1.2408780966461872,0.0778950318374764,0.5350313177741429,0.03358612070331919,0.06277412104219508
1.5320928338069464,0.8353055991775472,6.748917781085103,132.96755849662742,1.8341704345277525,0.22701311284319925,0.011522305524214061,0.12376882135364306,0.006282025545341827,0.05075612320321187
3.6518877274955783,1.5798982897435898,4.612659951518038,135.22724117680104,2.3114701441244443,0.791709721913,0.027005562604955954,0.34251349684332166,0.011683284196251352,0.03411043449069021
1.3563300816997164,2.8873954266494035,5.510378603497769,122.83420062575168,0.4697417157280848,0.2461409967073355,0.011041957979049749,0.5239922035151269,0.02350644537059065,0.0448602960366605
2.119252262870243,2.5038254803700313,4.31637901982952,118.98967563832899,0.8464057417280721,0.4909791872155715,0.017810387762647102,0.5800754449197844,0.021042375877890856,0.03627523981953882
1.9586032456043296,1.4577710675785436,5.9647712094741285,114.41114339630772,1.3435602401258397,0.3283618393432069,0.017118990226502165,0.2443968119452925,0.012741512970716354,0.05213453019006035
9.189103675092394,4.6206841816786195,4.878783707109693,113.73030415737504,1.9886889719769036,1.8834824880023706,0.08079731908899947,0.9470975675648516,0.040628434223518105,0.04289783398766475
5.459616597466033,3.61755268877851,4.683910228816019,117.13802704796512,1.509201680573036,1.1656108530598577,0.04660840493096623,0.7723360423354958,0.03088282071967297,0.039986248247958565
9.721866938740831,6.882847110191507,5.577983144805662,117.12603051360855,1.4124775377249854,1.7429000207349215,0.08300346981887408,1.2339311416889027,0.058764452957293795,0.04762377005645702
37.19108439298962,11.599172181228502,6.445700911285594,116.8327655957133,3.20635678235536,5.769905384203107,0.3183275188544728,1.7995206946260633,0.09928013021078469,0.055170318689452415
1.6765087587565513,1.7229758140164932,4.8623777376758035,116.02534084354066,0.973030930044444,0.3447919617117027,0.014449505138858513,0.35434840873553125,0.014849995712056677,0.04190789445068457
11.157777930687246,9.764458710477655,4.73930112837862,113.23260580940784,1.142692929687388,2.354308711019693,0.09853856008107702,2.0603161618089056,0.08623363068154687,0.041854562071597746
18.212473855158812,7.354129698073406,7.05750886786783,122.41839427448731,2.4764961460946244,2.580581079830942,0.1487723635250654,1.042029111937225,0.06007373108965903,0.05765072242365341
13.396790065198747,2.8521283832337923,4.052539944508734,113.64470298782047,4.697120278298706,3.305776191879773,0.11788310156993861,0.7037878521341853,0.02509688800488537,0.03565973457595338
3.9973077823396244,1.5218306051083945,6.885526911414748,117.43226240968876,2.6266443643081487,0.5805376747149057,0.034039264000502015,0.2210187578506913,0.012959220693536052,0.05863403097347341
10.659863551789881,3.1630749452586073,5.142638669917433,114.57554679476159,3.370095156224112,2.072839302155566,0.0930378588625444,0.6150684790983753,0.027606893737322523,0.044884260331128134
3.4486372015553983,1.526377109277378,4.701478904949907,112.18525367010393,2.259361189704989,0.7335217856501566,0.030740557147524817,0.32465892969770566,0.013605862262128482,0.041908171984664296
16.323152643648882,2.2301001918137793,6.632069389219574,118.65175287495796,7.319470534807218,2.4612457568948476,0.1375719468792944,0.336260081270984,0.018795341305778996,0.05589524999440025
2.9247859905140317,5.360158545158274,5.564926429420646,115.6202149951939,0.5456528880392788,0.525574960892794,0.025296493270105136,0.9632038470122793,0.04636004651419378,0.04813108529206565
5.263934142022264,2.526608317911134,5.611735005889383,116.94105704117788,2.0833993558503785,0.9380225788455603,0.04501356730655086,0.45023656948510904,0.021605827601006305,0.047987722600398165
1.8632916671018058,4.904474106881452,6.713716324015796,116.0233995497186,0.37991671002757,0.27753506063945244,0.0160596196485636,0.7305155401543463,0.04227142219513897,0.057865192280793495
6.597993986288246,5.096780797905149,8.837832617703983,122.93102449049303,1.2945414464361735,0.7465624516435305,0.053672325709760174,0.5767003085909611,0.041460492329170436,0.0718926133930289
5.8250528550047065,3.9351654254707884,5.207098657441632,124.24509766361142,1.480256158305675,1.1186753388434336,0.046883562929587785,0.7557309135763958,0.03167260116874059,0.04190989226423759
1.6188077866990846,1.3496884422875992,5.881576148857996,124.47039344425362,1.1993936792963513,0.2752336696369055,0.013005564953276202,0.22947733874867254,0.010843449634407096,0.04725281238459465
6.189293717413506,4.389502018763461,4.366122097522353,121.2904209955049,1.4100218409643317,1.417572293941516,0.05102870998891895,1.005354848242649,0.0361900138752601,0.03599725404270931
4.72271343327301,3.667648568521379,6.648535667255333,114.12699030235076,1.2876679281125842,0.7103388880852096,0.041381214213757574,0.5516475735529096,0.03213655734550492,0.05825559448857548
1.9041950216711443,2.5573332437329053,6.1322965751362775,124.56014723948621,0.7446018333111786,0.31051906872733526,0.01528735365100391,0.4170269999826409,0.020530910571388738,0.04923160987716228
24.308028455386044,4.814115518973164,5.885479636950876,114.91016732488298,5.0493238809048915,4.130169494219751,0.21153940527003579,0.8179648585900537,0.041894600199844124,0.05121809300225793
3.6798768987381636,3.8647925344169076,4.1624473982869805,115.40612512801391,0.952153800228078,0.8840656821879804,0.03188632227844294,0.9284904203251745,0.03348862575647434,0.03606782043561204
1.936330287959602,0.9009321828094013,5.281128002487168,114.13289126480221,2.149251991333566,0.3666508910686656,0.016965576412736973,0.17059464992802748,0.007893712082690773,0.046271744665035315
2.7604176489552086,2.4751419350672608,5.055057182233687,113.66627314386848,1.115256305041026,0.5460705090848167,0.024285283335201125,0.4896367826987795,0.02177551763252104,0.044472797800236254
9.231290435737744,3.6686427678301508,5.196945365115601,118.40517560132234,2.5162685548687715,1.7762916073165997,0.07796357202171701,0.7059229047231951,0.030983804121727763,0.04389120102835743
11.568847798625876,9.119299193437428,9.49906716258005,117.67878901017681,1.2686114966982585,1.2178930415608993,0.09830869178663461,0.9600204985770969,0.07749314273321417,0.08072030008533292
4.966252583396012,6.990016366696424,6.481557523222739,116.06307063443106,0.7104779621200129,0.7662128378252374,0.042789257222380715,1.0784470154977304,0.06022601615214184,0.055845132200904674
3.932773138308534,5.496090308176886,5.203731537669367,118.24331620832582,0.7155583183299399,0.7557601905170407,0.03326000373145503,1.0561825237122935,0.04648119220957617,0.04400867384758749
2.6122918509080186,3.2201846708823862,3.888679164694781,114.86942027525626,0.8112242364634962,0.671768418085233,0.02274140362725175,0.8280921450446107,0.02803343712509393,0.033853040742928095
2.3766699711414776,2.6809877819645282,5.5099322838764975,110.7726597430934,0.8864904148872854,0.4313428638853213,0.021455384177409005,0.4865736353620533,0.024202612704094486,0.04974090444930423
2.725341044856553,1.5979463502799691,3.4547253831793228,111.01777893608293,1.705527250260347,0.7888734248244269,0.024548690047434953,0.4625393260084271,0.014393607632881633,0.031118667805166023
4.68703641896512,3.5736772781087884,4.80281442019519,111.73542435445216,1.3115443992876514,0.975893717495467,0.04194763161319987,0.7440798176756435,0.03198338663638318,0.0429838115167441
17.44119421304201,2.3863891892647535,4.503918165137388,115.29914279913517,7.3086126485578164,3.872449181702657,0.15126907095421036,0.5298473688391181,0.020697371475017188,0.039062893754411944
11.841823409758737,2.635876021664842,5.6882179892843885,113.74620087654867,4.492557052163379,2.081816033082183,0.10410741913579107,0.4633922305070539,0.02317331041698367,0.05000798220467988
3.3296878229052806,2.4392403228228154,4.780060382858685,116.01755966860009,1.3650511561943979,0.6965786111919327,0.0286998608867176,0.5102948765187028,0.021024751165172034,0.041201180205072
16.841332190641687,9.2214408656776,3.172831086134758,112.76500782880585,1.8263232867789116,5.307982597698992,0.14934892051095627,2.906376234768756,0.08177573028396475,0.02813666355569797
4.236574298425345,4.758281446439524,3.201827286174005,112.43648053498524,0.8903580727860148,1.3231739003285845,0.0376797128322343,1.4861143407036765,0.04231972953794972,0.028476765467394177
12.584228110829313,6.975810179248125,6.961132118326249,114.96894886247532,1.8039808692422994,1.807784696069681,0.10945762517044876,1.0021085738170712,0.06067560196268749,0.0605479321782187
4.432550019441213,3.7081728735802684,5.949616079644462,113.60918800184821,1.195346109945935,0.7450144614551488,0.03901577062032257,0.6232625473544608,0.032639726934056985,0.05236914535070591
17.304619354452853,7.080148568758943,4.23529417945905,114.45301308467253,2.4441039882707045,4.085812843504314,0.15119409168940678,1.67170172100377,0.06186074422978308,0.03700465427088208
3.268599573572477,2.042484967382308,3.511739641046403,113.0772465182094,1.6003053269770615,0.9307636407232409,0.028905899942002194,0.5816162859880191,0.018062740562517998,0.03105611207539343
5.286987699829819,6.685521182283605,4.106121498854975,127.14678116317958,0.7908115995264737,1.2875867655898974,0.04158176598308473,1.628183964879733,0.052581128056269376,0.03229434092857764
3.420628751661428,1.325242129674637,3.5989906979142265,126.09111747881848,2.5811349300382065,0.9504411205185478,0.027128229331745315,0.3682260502764492,0.010510194184751031,0.02854277739682025
2.1565650838908326,2.2761765541480132,3.614310788850968,126.9473231678076,0.9474507062999109,0.5966739469508736,0.01698787363196417,0.6297678000379255,0.01793008704200252,0.028470949198931325
5.29487813318984,1.1261346016629719,3.313680856588884,118.36807518810087,4.701816395101306,1.5978841543118334,0.044732315911833936,0.3398440134703314,0.009513837239250623,0.027994717759185092
3.733325396568689,2.3598325883990308,4.81950034392389,117.95159011352106,1.582029765552763,0.7746291379095803,0.03165133588259044,0.48964258118046466,0.02000678910837776,0.04085998619675598
3.67284068646404,3.2784001271525423,4.826135738109992,116.62753834808026,1.1203149536399297,0.7610313687327817,0.031492053579166505,0.6793012681480085,0.028110000207395323,0.041380756264495326
6.362167338664824,1.9944450713069537,4.425652944464937,114.63563192181331,3.189943624015534,1.437565805204369,0.05549903840547684,0.4506555521488328,0.017398125154203848,0.038606259417520654
1.7873902262483388,1.7942145232075841,6.166985734724483,111.2279424621816,0.9961964988740336,0.28983206758272034,0.016069615122621422,0.29093865307728695,0.01613096928245015,0.05544457263354762
15.077373835734544,2.446430877076172,6.010238412689168,108.93907843434417,6.163008314281138,2.5086149334612595,0.13840188527775582,0.4070438989426981,0.022456871420576563,0.055170637562456
2.4174852714623443,1.2702000719969186,4.540807509079901,106.95515339653514,1.9032318803617647,0.5323910486468071,0.022602793738227295,0.2797299972432212,0.0118760062667356,0.0424552475021461
12.561141090721517,2.384836679683471,3.481736690199735,106.57424490158587,5.267086504384318,3.607722871772055,0.11786282044335274,0.6849560698820856,0.02237723271589404,0.03266958816752475
2.698947264032704,1.9496111090422372,4.450254205994137,107.7929894738793,1.3843516030017826,0.6064703585690538,0.025038244854381005,0.4380898301081918,0.018086622502613423,0.04128519143698612
1.2376029542450484,1.0341299134097546,5.2860283315568655,103.74836878992382,1.1967577169916672,0.2341271890006204,0.011928890725511301,0.19563457638623322,0.009967673954505497,0.05095047173474453
1.1304623525371023,1.3146050495822652,3.053074140780204,100.73396648967307,0.8599254604235113,0.3702701933888235,0.011222255927477985,0.4305840569093818,0.013050265917177345,0.03030828872496742
9.430551304674271,2.0304918529056017,3.525043414912874,102.05036253526491,4.644466458301372,2.67530075368089,0.09241075749648037,0.5760189631468093,0.019896958741365933,0.03454219394560942
1.8440366865112463,1.0165115897007304,3.658781028577428,101.8036969472004,1.8140832875837118,0.5040030196144936,0.018113651486228836,0.2778279382562451,0.009985016459941876,0.03593956937020689
2.2873873491843564,2.0938378831311697,5.041960976662906,101.6862362343219,1.0924376560441962,0.4536701810608412,0.022494562036039844,0.41528244522769125,0.020591163176756876,0.04958351457757176
7.540679833469666,2.174403829494851,4.596777005874098,104.25506881528393,3.467929798128385,1.6404275917308222,0.07232914350505125,0.4730279121036845,0.02085657660777526,0.04409164041720151
28.61301184407673,3.090447243372754,3.6693188642337966,98.76708224829775,9.258534312609708,7.797908250214585,0.2897019046502194,0.8422400335649437,0.03129025554894346,0.03715123278633694
1.3607322987169272,1.929872439923645,4.2851201415818405,95.56382171639457,0.7050892434998265,0.31754822589749293,0.0142389899679314,0.4503660051900524,0.020194592527399555,0.044840401572666506
7.945522371718657,3.464848167594944,3.3636033274466435,97.51381286996454,2.293180534151338,2.3622055272939124,0.08148099369587851,1.0301001129717506,0.03553187046654967,0.03449360894063322
3.774212508072442,2.237303145568555,5.797825184254643,100.04145733543622,1.6869473032959599,0.6509703877105855,0.037726484685420086,0.3858866168722157,0.022363760036670993,0.05795422556485454
5.839125238157516,5.490779273431038,4.058585225311241,102.45974920705703,1.0634419901765249,1.4387095290600265,0.05698945472096997,1.3528801216709614,0.05358962242172709,0.039611508487195295
5.473568135264764,2.888332167348669,6.47363608724591,100.16791402865127,1.8950618620465667,0.8455168102588531,0.05464392653419084,0.4461684482140016,0.02883490382481672,0.0646278416598976
13.102938647464978,4.074826119099476,5.934815510204323,98.61250300673814,3.215582276271628,2.207808924293566,0.13287299528914362,0.6865969316305147,0.041321597108442173,0.06018319512484943
62.383692030986296,80.98554432017889,62.46858372694826,112.07698716466588,0.7703065103118949,0.9986410497741869,0.556614641499337,1.2964203682633293,0.7225885203462261,0.557372082416599
28.038474197774093,8.515197824181296,10.57645836290669,108.88359603957561,3.292756642499951,2.6510267648865757,0.2575087085439668,0.8051086225655121,0.07820459769795168,0.09713546160858332
3.3287634254306595,2.178025066055196,5.101682146813072,98.93722892067079,1.5283402736313143,0.6524835004685812,0.03364520577081967,0.4269229252974469,0.022014211331930125,0.0515648376497756
2.8650239079070903,1.9828140937345338,5.206571940946455,98.25035812670592,1.4449281538598293,0.5502706848964203,0.02916044238955638,0.38082909757587946,0.020181240369398463,0.05299290547350413
2.6986832554383025,1.6802007813982596,3.262541896821621,95.31091566507962,1.6061671231889703,0.8271719845398364,0.028314524486590956,0.5149974573614262,0.01762862909955085,0.03423051676773434
27.80958976662713,4.5188468386391385,4.412428978128865,96.78603150712118,6.154134176187759,6.302558047839688,0.2873306130397649,1.0241177503451626,0.04668903940241271,0.04558952267615409
4.6665012818123355,2.536670539581812,4.020974565886961,94.84593705737109,1.8396166191064138,1.1605398654848198,0.0492008558994955,0.6308596331601675,0.026745168198901475,0.04239480035349037
3.7861244792982074,3.240318960605035,4.19882259498979,93.02788648433777,1.1684419112219926,0.901710990079926,0.0406988121775253,0.7717208544298868,0.0348316949149498,0.0451350960842984
2.7315460984492455,1.9580913861948446,4.926199824555034,98.0490687385319,1.395004399543095,0.5544935641533738,0.0278589703460976,0.397485172329913,0.019970525078789884,0.05024218881355991
0.9503106334005393,0.8304233509773069,4.564238678506895,92.41390561315909,1.1443688719520468,0.20820791819577142,0.010283199558500445,0.1819412632577235,0.008985913380324232,0.04938908975033059
2.8105229911269056,2.3015449902416196,4.027853578895797,92.28302174413187,1.221146231354727,0.6977718867073085,0.03045547206851863,0.5714073128925826,0.024940069654665064,0.043646745661012364
0.9141042667758966,1.2126676784284303,3.030831179932722,92.42192728003702,0.7537961826116615,0.30160184203865414,0.009890556209742031,0.4001105988540572,0.013120995353776446,0.03279342109745613
2.759157290478284,2.242195273101019,3.5883576965626736,92.18105342631507,1.230560657931587,0.7689192449017306,0.029931934903345583,0.6248527774276355,0.02432381915545495,0.03892728020765165
13.966131054457833,3.0663031308350477,5.047226948515844,89.95429130812963,4.554713105176405,2.7670899678019483,0.1552580855383343,0.6075223409037919,0.034087346876334405,0.056108795646302875
5.112247752016257,2.995112976360125,4.303542093840085,87.49225772993522,1.7068630774085276,1.1879162886157708,0.05843085873719677,0.695964605678473,0.034232891618881565,0.04918769049398574
3.7129746399794166,1.7066400422044734,3.56746510377135,91.03901365796793,2.175605018140412,1.0407879354038365,0.04078443395629264,0.4783901152670833,0.01874624925766762,0.03918611329835204
6.084505996690173,1.340046105141226,3.7921551972984973,90.6464376849302,4.540519892074111,1.6044981495020902,0.06712349819899995,0.35337322325200843,0.014783218616918755,0.04183457501638738
3.0993882925361325,1.6260528567935009,2.7637371135076503,92.16712259123301,1.9060808998841399,1.1214483017896315,0.03362791639142425,0.588352940243931,0.017642439202590142,0.029986149462048396
2.693338628733157,2.2483534902881717,3.5437285538257806,91.77192703343934,1.1979160040301098,0.7600296094421369,0.029348175589162178,0.634459851012253,0.024499360130783014,0.03861451609852909
4.492280006542239,2.3293574070508702,3.060528645333947,93.83720566291014,1.9285490465929744,1.4678117825791719,0.04787312212471227,0.7610964238489277,0.024823388448059536,0.03261530033543661
2.523156217757641,1.712152838384637,4.3517817234481075,92.89185271341738,1.4736746400152925,0.5797984315625172,0.027162298350770154,0.3934372050783887,0.018431679295565735,0.04684782999079458
11.60234764156461,1.403102661881766,4.521573466776759,93.61707085997057,8.269065376872826,2.5659978162061003,0.12393410234890848,0.31031291920641496,0.014987679586562606,0.04829860008694337
2.9733879342349816,1.732104086036967,4.627258258827654,93.82105307573859,1.716633520008637,0.6425809340903978,0.03169211852519568,0.37432621849721587,0.018461784740773455,0.04932004179373497
14.679126257374625,2.507792068653525,5.168260729091503,93.02022159198863,5.853406444999282,2.840244915421475,0.1578057545569088,0.4852294031021834,0.026959644104626694,0.055560615107550115
8.535297731918293,2.6478864734751997,3.8369669328153844,93.05291974755076,3.2234379447228347,2.2244908234472316,0.09172520061782317,0.6900988514728498,0.02845570542717865,0.04123424545113617
8.300582078703403,2.6308107423548974,2.585537211734729,95.24503795032454,3.1551422324181964,3.2103897174754827,0.08714975874157987,1.0175102993740295,0.027621499229461256,0.027146161809324144
1.8731679670090169,1.4670600432240946,3.9337123247955454,94.19699309412476,1.2768175206329226,0.4761832621063297,0.019885645024117545,0.37294543222612114,0.01557438295040012,0.04176048720435109
11.518658018285166,2.7867953844017115,3.378303070974693,93.7548873231746,4.133298800033025,3.409598776749729,0.12285928069627097,0.8249098218407259,0.029724267864517644,0.036033354286157136
1.8679974005168478,1.7082125341530916,3.6758575728500067,90.53124605566539,1.0935392190193567,0.5081800269721907,0.020633731246428037,0.4647112953369032,0.018868761986361643,0.04060319208011137
2.8058788525459857,2.0756216194447155,7.421693440533631,90.45319349430316,1.35182579823804,0.37806450441912065,0.031020229846530547,0.27966954389529125,0.022946913638548762,0.08205009855181129
4.63103666978038,3.0190718034658053,5.675923482950191,91.08055117905168,1.5339273032407137,0.8159089324744196,0.05084550554241165,0.5319084749001186,0.03314727199587023,0.062317623350698834
2.0479284160350577,2.0825810279830277,3.474744950038967,91.48987302551193,0.9833607377180753,0.5893751758707043,0.022384208746950532,0.5993478824854966,0.022762967737448937,0.03797955812082104
2.8060446325402193,1.6782194480555215,4.287271992591838,93.82628123250431,1.6720367743273734,0.6545058576616797,0.02990680857942944,0.3914422623419716,0.017886453837990698,0.04569372180453204
3.512774554989563,2.503303728467356,4.824545108253575,91.29391056000492,1.4032554320287192,0.7281048215260949,0.038477643617650874,0.5188683435014085,0.02742027056472737,0.05284629696175121
9.240297289004797,3.472179281484738,2.6699412520143015,90.85292333610559,2.6612385305903774,3.460861650807327,0.10170610861711962,1.300470292694717,0.03821758457501245,0.029387510648798774
23.59833560701569,5.443956645376244,7.802268972641001,92.64256001222846,4.334776550261222,3.024547819328492,0.2547245629211974,0.6977401912784239,0.05876302041586138,0.08421905624813403
4.0410317851319695,1.8747237721691146,5.427107817534291,94.28551274426334,2.1555345086686386,0.7446013458726419,0.04285951963895789,0.3454369869181743,0.019883476449388874,0.05756035746716025
9.374596907895922,5.969348987839316,8.38914048934555,96.99423258748158,1.570455493051878,1.1174681029364009,0.0966510756136014,0.7115566839559501,0.06154333952233096,0.08649112700365116
1.9501193932898577,2.127711939508613,3.8814626756456048,93.51751704036889,0.9165335575172975,0.5024186901309038,0.020852985141254828,0.5481727166562821,0.022752014882838893,0.041505193876887114
13.688500318963069,2.850746145719498,2.9184541485588795,91.38247857234843,4.801725449849986,4.6903256389079795,0.149793489220428,0.9768000457115916,0.031195763019959383,0.03193669283382711
1.4263736899408341,2.9721827376298458,5.939227633771058,92.54352268954109,0.4799078037436856,0.2401614785448409,0.015413004049196814,0.5004325344813709,0.032116593914419365,0.06417766971866401
5.647775116807257,2.823740328004709,4.58847480456665,94.9090604382472,2.00010428040954,1.2308610937966458,0.059507228190105156,0.6153984598966087,0.029752062816405,0.04834601442032136
12.266153177160637,3.8834060475559795,10.52611826568261,109.03454371348813,3.158606910261248,1.1653064185257078,0.11249786314869727,0.3689304974101147,0.035616291088083694,0.09653929761326158
10.276946887661863,2.2818975493386375,7.228677973664496,115.3171694876059,4.5036846157446595,1.421691065102473,0.0891189658341936,0.315672873747045,0.01978801213624908,0.06268518387837661
4.735295728586746,0.9233342433554302,5.011793790082425,113.59507819178638,5.12847407389388,0.9448305191560702,0.04168574734014433,0.1842322892818471,0.008128294447727164,0.04411981460693962
5.004595210616256,3.45983625452319,5.158038783306383,119.32439736350133,1.4464832559845968,0.9702515667026903,0.04194108934294983,0.6707658472287371,0.028995212470953376,0.04322702563159235
1.7683723417859432,2.561278227153176,3.327946329852643,111.2693319312921,0.690425711286924,0.531370450876305,0.015892720043272107,0.769627263570259,0.023018725669484062,0.02990892703397934
9.716410068675653,2.37011167994797,6.423578217997613,115.3774421857352,4.099557903064278,1.512616448174036,0.08421412266215891,0.3689706265749796,0.020542244957489627,0.055674472377857914
2.148617607879076,2.0882515131460546,5.322695563241651,117.73764440495468,1.0289074828166063,0.4036709562570803,0.018249198196024528,0.39232969241514515,0.01773648117133704,0.04520810306799088
2.234083987459318,2.087635012715329,5.329678977044201,113.1030566729623,1.0701506603654376,0.4191779649547155,0.019752640230751465,0.39169995448264605,0.018457812495304433,0.047122324840919
2.6039622215564813,2.462838588558468,4.062094530534486,109.2247028718659,1.0573012107466673,0.6410392968412418,0.023840414787955535,0.6062977043112806,0.02254836610952087,0.03719025480252233
7.491350641719889,3.133074876320556,8.421446922714688,126.06501101356551,2.3910538169191917,0.8895562378376923,0.05942450313127538,0.3720352221029728,0.024852850534264535,0.06680241293762691
4.882659760747725,2.8962007977432114,18.526543974992133,246.7707329481792,1.685884405719524,0.26354941144654576,0.019786218983160627,0.15632709487817148,0.011736403110458813,0.07507593689760053
11.29448816388635,2.6251548047773015,7.661316962455402,114.98703459900835,4.302408430669478,1.474222802585437,0.09822401458802167,0.34265059357836,0.022830006999762568,0.06662765927630482
11.116827620152332,6.929551428152997,16.04106167137766,107.03865906549862,1.6042636721025696,0.6930231831218677,0.1038580613509907,0.43198832908407264,0.06473877278220289,0.14986231901094615
8.071889619078227,6.113296195202848,10.14584684481998,108.26659265321796,1.3203825499919837,0.7955855969971967,0.07455568168597305,0.6025417383787954,0.05646521281762297,0.09371170363989856
48.05353293949611,15.526836665501863,12.736420003076978,108.30680365330683,3.094869481448423,3.7729230763343944,0.44367972572911335,1.2190895606262004,0.14335975342051188,0.1175957518222643
17.802449529424344,4.664731032016435,7.437417475662045,109.46741093043322,3.8163935727991665,2.393633218476774,0.16262784858169196,0.6271976861970091,0.04261296574357533,0.06794184143432916
1524.6686641990173,121.69587257697629,101.35198424927393,109.74737738449842,12.528515814984758,15.043303547458073,13.892529375507186,1.2007251113867374,1.1088727173007193,0.9235025625641026
5.35549011738895,3.935640810704599,8.067918392114535,61.64444821819428,1.3607669944936247,0.6638007298912848,0.08687708742939618,0.48781366139638155,0.06384420534959058,0.1308782643906171
19.62831383071928,2.5213521305082702,7.8543273440624715,77.67571487205407,7.784836395209295,2.499044535692471,0.2526956316147287,0.32101439372963014,0.032459979733194505,0.10111689808069313
14.250719819347283,10.025345648467558,10.186308052257626,82.48703686185813,1.4214691761301619,1.3990073485151324,0.1727631439011818,0.9841981606128245,0.12153843840041322,0.12348980445638676
15.686209471097566,6.80409768547666,5.887121350162875,82.70872770149275,2.3054062707799985,2.6644956912028976,0.18965603639450565,1.1557597135802908,0.08226577623142253,0.07117896156510002
10.930472532999373,3.004487942803326,4.712232518499085,99.12147594769368,3.6380483932981726,2.3195953277112245,0.11027350459114807,0.6375933129378556,0.030311170350094382,0.04753997530248365
3.342346282551685,1.6194180106335982,3.7613583447499623,95.77021950719644,2.063918185795643,0.8886008660187544,0.03489964103403284,0.4305407414568605,0.01690941107754181,0.03927482221618301
3.8296525915378337,3.392757685533147,4.492290994677795,94.98009241224261,1.1287727997397585,0.8524943277439024,0.04032058186378648,0.755239963206455,0.03572072419984119,0.04729718492144522
1.7182206881261337,1.398445330947788,5.192708053945875,96.78441992367236,1.2286648967261522,0.3308910630591833,0.017753071098439023,0.26930944632736026,0.014449074882616974,0.053652313647599786
17.75151474337093,4.334745634393109,3.1030397661059888,97.0498645336194,4.095168722825475,5.720685547529204,0.18291127791550457,1.3969352509564485,0.04466513843397992,0.031973664064528944
3.570403591394034,2.0063721995643866,2.954909434287635,96.69614454730689,1.7795320290867378,1.2082954387584408,0.036923949844218214,0.6789961737179535,0.02074924712828446,0.030558709947758025
3.314699263522984,3.625022674058846,5.118781498414583,98.79493614235034,0.9143940773787214,0.6475563109207985,0.03355130731343299,0.7081807799730478,0.036692393513324116,0.05181218489821281
2.07135696446878,3.985853687220453,3.413058642532754,98.09655174461244,0.5196771198877717,0.606891700791778,0.021115492110889016,1.167824554067035,0.040631944918893236,0.034792850327893435
8.524231185843668,2.126766745467016,4.583802582417462,96.39495281645256,4.0080705625157,1.8596418655857674,0.08843026462261791,0.4639743329315408,0.022063050847865785,0.04755230900050926
5.502665838178403,2.2582241059826766,3.810961212838255,96.33715017815173,2.436722654585202,1.443904970651809,0.05711883554789179,0.5925602439550519,0.023440843971475694,0.039558583638719065
15.294472783643073,3.2637237335361897,4.056409452082892,99.09984826516067,4.686203255038309,3.770445997701154,0.15433396772434782,0.8045843922043735,0.03293369052194177,0.04093254957595081
2.278564261869685,0.8904845072533716,3.998121164863233,98.04624796938165,2.5587915829077525,0.5699087566165918,0.023239688504768135,0.22272574305131973,0.00908229050775565,0.04077791091110172
15.31995913148188,2.6585796884783752,5.916172683983509,100.608836182971,5.762460007452393,2.589505065150763,0.15227250123061187,0.44937493046404553,0.02642491245643059,0.05880370858504054
2.2940399324411715,2.0126257331835413,2.980301852877787,103.22413606064994,1.1398244068023982,0.7697340892587913,0.022223871470266363,0.675309358761813,0.019497627299113567,0.028872141406218146
3.580722447391765,1.981575677521461,4.9598806672145885,102.80386407960252,1.8070076697098463,0.7219372173731464,0.03483062119745966,0.39952083739028565,0.019275303465121685,0.04824605292437336
3.9067599002910876,2.0797633567476512,6.366322511954344,96.96781366856506,1.8784636663665941,0.6136603813198562,0.04028924395103257,0.32668206061543087,0.021447976169249934,0.06565397600604223
7.490383062238376,2.0950628106965254,9.433849289109745,102.48156395544842,3.5752546529849,0.7939901129102339,0.0730900541827665,0.22207931741235531,0.020443314190709536,0.09205411124688632
